{
  "best_model": "GradientBoosting",
  "random_state": 42,
  "n_train": 4769,
  "n_val": 1019,
  "n_test": 1022,
  "val_results": {
    "Dummy (mean)": {
      "r2_log": -4.663800148296815e-07,
      "rmse_log": 1.4336531916559785,
      "mae_log": 1.1636441390949077,
      "rmse_orig": 57.55774490543886,
      "mae_orig": 13.965350141893659,
      "spearman": NaN
    },
    "Ridge": {
      "r2_log": 0.5996662411197378,
      "rmse_log": 0.9070998847815307,
      "mae_log": 0.6784548273212703,
      "rmse_orig": 54.80297496943432,
      "mae_orig": 11.939696329718174,
      "spearman": 0.7340161543024226
    },
    "RandomForest": {
      "r2_log": 0.6756188528854797,
      "rmse_log": 0.8165293636535147,
      "mae_log": 0.6058158572562232,
      "rmse_orig": 50.09713670518871,
      "mae_orig": 10.933515225669558,
      "spearman": 0.7497627668470861
    },
    "GradientBoosting": {
      "r2_log": 0.6816417468582147,
      "rmse_log": 0.808913458442012,
      "mae_log": 0.6048846152158555,
      "rmse_orig": 51.23453614213634,
      "mae_orig": 10.974125750032995,
      "spearman": 0.7568127282027466
    }
  },
  "cv_results": {
    "Dummy (mean)": {
      "mean": -0.001385478830593101,
      "std": 0.0009257300220566348,
      "folds": [
        -0.00015424026133503688,
        -0.0017881177019756223,
        -0.0026747392502837197,
        -0.0005076466112265976,
        -0.0018026503281445283
      ]
    },
    "Ridge": {
      "mean": 0.5786577808768324,
      "std": 0.019431218773039497,
      "folds": [
        0.5939556795275478,
        0.5513224333726399,
        0.5953241276952814,
        0.5939236322937735,
        0.5587630314949191
      ]
    },
    "RandomForest": {
      "mean": 0.656783010034821,
      "std": 0.02781199643015597,
      "folds": [
        0.6707860877144268,
        0.630290801074586,
        0.6742976781286802,
        0.6906723074932951,
        0.6178681757631166
      ]
    },
    "GradientBoosting": {
      "mean": 0.6591561277529193,
      "std": 0.024649142847689175,
      "folds": [
        0.6799680516377276,
        0.6416871794585643,
        0.6658042923028623,
        0.6873681724178643,
        0.620952942947578
      ]
    }
  },
  "robustness": {
    "seeds": [
      42,
      7,
      2024
    ],
    "r2_each": [
      0.667265647212946,
      0.6502851287225486,
      0.6930352424532403
    ],
    "r2_mean": 0.6701953394629117,
    "r2_std": 0.01757517906037566
  },
  "test_metrics": {
    "r2_log": 0.6673101462718842,
    "rmse_log": 0.8029294780921042,
    "mae_log": 0.5858071868535223,
    "rmse_orig": 32.25951239128467,
    "mae_orig": 8.928942488874876,
    "spearman": 0.776384600606798
  },
  "baseline_r2_log": -4.663800148296815e-07
}